userId,user_avg_rating,user_rating_count,first_rating_date,last_rating_date,rating_style,favorite_genre
1,4.366379310344827,232,2000-07-30 18:08:19,2000-08-08 07:27:42,Generous,Film-Noir
2,3.9482758620689653,29,2015-10-24 19:27:15,2015-10-24 19:35:40,Balanced,War
3,2.4358974358974357,39,2011-05-27 02:28:43,2011-05-27 02:44:53,Critical,Mystery
4,3.5555555555555554,216,1999-12-13 09:47:08,2001-12-05 17:49:02,Balanced,Horror
5,3.6363636363636362,44,1996-11-08 06:32:27,1996-11-08 06:42:17,Balanced,Musical
6,3.4936305732484074,314,1996-10-17 11:51:49,1996-10-17 12:55:15,Balanced,IMAX
7,3.2302631578947367,152,2005-01-25 06:43:36,2007-04-10 05:08:51,Balanced,Horror
8,3.574468085106383,47,1996-08-08 00:17:02,1996-08-08 00:27:56,Balanced,Animation
9,3.260869565217391,46,2003-02-07 22:24:10,2003-02-07 22:35:38,Balanced,Fantasy
10,3.2785714285714285,140,2016-02-12 18:25:53,2016-02-16 10:41:15,Balanced,Animation
11,3.78125,64,1998-07-23 13:20:37,1998-08-30 20:56:07,Balanced,IMAX
12,4.390625,32,2009-07-10 22:01:58,2009-07-10 22:21:11,Generous,Romance
13,3.6451612903225805,31,2001-04-16 21:33:38,2001-04-21 23:36:23,Balanced,Mystery
14,3.3958333333333335,48,1996-06-22 10:56:16,1996-06-22 11:20:47,Balanced,Mystery
15,3.448148148148148,135,2011-03-06 15:19:22,2017-11-13 13:02:38,Balanced,War
16,3.7244897959183674,98,2013-08-26 00:22:53,2013-08-26 00:45:57,Balanced,IMAX
17,4.20952380952381,105,2011-05-18 05:23:46,2012-01-19 03:20:48,Generous,War
18,3.7320717131474104,502,2016-02-09 20:22:08,2018-08-20 17:34:08,Balanced,Western
19,2.607396870554765,703,2000-08-08 02:18:27,2000-08-08 05:34:42,Balanced,Film-Noir
20,3.590909090909091,242,2003-05-27 11:49:19,2003-05-28 18:45:19,Balanced,IMAX
21,3.260722347629797,443,2013-08-18 10:44:31,2017-07-22 05:42:12,Balanced,Western
22,2.5714285714285716,119,2010-03-11 18:03:04,2010-03-16 08:17:54,Balanced,Film-Noir
23,3.6487603305785123,121,2005-01-31 09:08:44,2005-02-18 05:05:48,Balanced,Mystery
24,3.65,110,2016-03-25 21:22:53,2016-03-26 07:12:32,Balanced,Animation
25,4.8076923076923075,26,2018-08-28 15:33:38,2018-08-28 15:35:34,Generous,War
26,3.238095238095238,21,1996-07-09 22:10:45,1996-07-09 22:14:43,Balanced,Mystery
27,3.5481481481481483,135,2000-07-04 04:26:36,2000-08-01 17:37:08,Balanced,Mystery
28,3.020175438596491,570,2009-02-11 06:48:22,2010-06-20 03:00:28,Balanced,IMAX
29,4.1419753086419755,81,2011-06-12 19:09:57,2014-07-20 00:31:33,Generous,Film-Noir
30,4.735294117647059,34,2017-07-18 09:32:19,2017-07-18 09:34:17,Generous,Mystery
31,3.92,50,1996-12-13 08:43:36,1997-01-02 12:36:39,Balanced,Mystery
32,3.7549019607843137,102,1997-02-23 22:15:19,1997-02-23 22:36:28,Balanced,Crime
33,3.7884615384615383,156,1999-10-11 12:53:44,1999-10-20 12:32:26,Balanced,Film-Noir
34,3.4186046511627906,86,2006-10-28 15:05:44,2007-01-14 21:56:09,Balanced,Adventure
35,4.086956521739131,23,1996-05-01 08:29:51,1996-05-01 08:44:06,Generous,Mystery
36,2.6333333333333333,60,2004-11-18 18:42:17,2004-11-18 18:53:23,Balanced,Film-Noir
37,4.142857142857143,21,1996-10-13 20:43:07,1996-10-21 19:43:34,Generous,IMAX
38,3.217948717948718,78,1996-08-29 17:52:40,1996-08-29 18:03:05,Balanced,Documentary
39,4.0,100,2000-11-21 06:11:04,2000-11-21 06:57:34,Generous,Horror
40,3.766990291262136,103,1996-05-14 07:27:34,1996-05-14 07:54:02,Balanced,Mystery
41,3.2534562211981566,217,2016-03-25 19:21:17,2016-03-30 20:18:50,Balanced,Film-Noir
42,3.565909090909091,440,2001-07-27 05:43:44,2001-07-27 19:37:57,Balanced,IMAX
43,4.552631578947368,114,1996-11-26 07:33:47,1996-11-26 08:02:21,Generous,Animation
44,3.3541666666666665,48,1997-07-18 18:51:00,1998-05-22 16:15:39,Balanced,Crime
45,3.8759398496240602,399,2000-02-16 16:29:21,2007-10-25 05:15:56,Balanced,IMAX
46,4.0,42,1996-06-14 21:26:57,1996-06-14 21:37:07,Generous,Musical
47,3.0535714285714284,140,2017-05-31 04:30:29,2017-05-31 06:29:43,Balanced,War
48,4.03030303030303,33,2005-09-19 11:16:26,2005-09-19 11:35:56,Generous,Mystery
49,4.261904761904762,21,2017-04-25 03:09:30,2017-04-25 04:07:11,Generous,Action
50,2.7806451612903227,310,2017-07-20 18:01:36,2018-09-13 20:20:06,Balanced,Film-Noir
51,3.7757660167130918,359,2009-01-02 20:39:24,2009-01-04 03:55:54,Balanced,Documentary
52,4.476923076923077,130,2016-07-09 07:58:11,2016-07-09 08:16:09,Generous,Musical
53,5.0,20,2009-03-22 18:54:16,2009-03-22 18:55:15,Generous,Crime
54,3.0303030303030303,33,1996-04-23 08:11:46,1996-08-13 07:57:48,Balanced,Horror
55,2.84,25,2011-08-07 20:07:00,2011-08-07 20:32:36,Balanced,Crime
56,3.8043478260869565,46,1996-06-26 14:23:54,1996-06-26 14:30:57,Balanced,Animation
57,3.392857142857143,476,2000-08-09 04:33:09,2000-10-22 00:51:31,Balanced,Film-Noir
58,3.9017857142857144,112,1996-11-11 13:19:40,1996-11-11 13:43:22,Balanced,Mystery
59,4.355140186915888,107,2000-03-21 03:11:47,2000-03-21 03:59:46,Generous,IMAX
60,3.727272727272727,22,2014-02-27 22:54:55,2014-02-27 23:01:24,Balanced,IMAX
61,4.051282051282051,39,2006-04-20 11:12:45,2006-04-20 11:32:00,Generous,Mystery
62,4.081967213114754,366,2018-03-19 19:42:45,2018-09-13 21:38:16,Generous,Film-Noir
63,3.6309963099630997,271,2015-09-25 16:47:43,2015-10-01 21:40:50,Balanced,Film-Noir
64,3.7688588007736943,517,2006-10-22 12:20:28,2006-10-23 16:25:18,Balanced,War
65,4.029411764705882,34,2017-05-14 13:04:01,2017-05-14 22:58:48,Generous,IMAX
66,4.0202898550724635,345,2004-08-22 03:05:13,2007-06-24 22:17:56,Generous,IMAX
67,3.9722222222222223,36,2017-07-28 20:25:41,2017-07-28 20:38:14,Balanced,War
68,3.233730158730159,1260,2006-09-17 22:09:59,2018-07-29 20:49:32,Balanced,IMAX
69,4.369565217391305,46,2002-05-17 13:39:29,2002-05-17 14:59:39,Generous,Fantasy
70,4.32258064516129,62,2012-12-11 00:08:24,2012-12-11 04:09:08,Generous,Children
71,3.6,35,1997-05-27 12:58:53,1997-05-27 13:33:48,Balanced,Animation
72,4.155555555555556,45,2008-07-29 09:23:20,2008-07-29 09:49:29,Generous,Crime
73,3.711904761904762,210,2016-05-25 17:08:58,2016-05-26 17:16:36,Balanced,War
74,4.271186440677966,177,2008-04-06 16:24:50,2008-04-06 17:30:35,Generous,Documentary
75,3.2318840579710146,69,2006-09-22 23:17:25,2006-09-23 05:43:59,Balanced,IMAX
76,3.0840336134453783,119,2015-08-10 00:12:16,2015-08-10 01:10:12,Balanced,Horror
77,4.0,29,2018-08-24 10:44:19,2018-08-24 10:46:15,Generous,Children
78,3.1639344262295084,61,2009-09-10 09:00:52,2009-09-10 09:35:24,Balanced,IMAX
79,4.203125,64,2000-11-26 23:28:34,2000-11-26 23:41:51,Generous,Film-Noir
80,4.2604790419161676,167,2013-08-24 01:05:48,2013-08-25 23:37:50,Generous,Mystery
81,2.769230769230769,26,1996-10-14 13:23:44,1996-10-14 13:33:03,Balanced,Mystery
82,3.381057268722467,227,2004-05-13 15:55:16,2004-05-19 05:33:23,Balanced,War
83,3.309322033898305,118,2012-03-27 08:43:27,2012-04-12 01:15:00,Balanced,Musical
84,3.689419795221843,293,1997-03-06 13:00:40,1997-04-07 07:45:07,Balanced,IMAX
85,3.7058823529411766,34,1998-03-09 18:07:42,1998-03-09 18:36:22,Balanced,Children
86,3.9285714285714284,70,2012-08-02 21:58:02,2012-08-05 22:16:10,Balanced,Mystery
87,3.9523809523809526,21,2010-04-08 04:56:59,2011-01-27 06:18:19,Balanced,Animation
88,4.035714285714286,56,2012-03-10 22:55:28,2012-03-10 23:26:08,Generous,Fantasy
89,3.472972972972973,518,2018-03-07 07:37:45,2018-03-07 08:00:58,Balanced,Western
90,4.074074074074074,54,1997-02-19 12:06:36,1997-02-19 12:16:52,Generous,Crime
91,3.3956521739130436,575,2005-04-05 14:20:47,2005-04-05 16:23:06,Balanced,Animation
92,3.9375,24,2011-01-13 17:56:02,2011-01-13 18:23:15,Balanced,Fantasy
93,4.288659793814433,97,1999-11-16 15:40:04,1999-11-18 17:49:37,Generous,War
94,3.0357142857142856,56,1996-09-22 15:36:56,1996-09-22 15:42:40,Balanced,Musical
95,4.0625,168,2003-01-23 16:27:28,2005-01-10 23:53:47,Generous,Animation
96,3.8846153846153846,78,2000-07-28 08:23:30,2000-07-28 08:51:30,Balanced,IMAX
97,4.194444444444445,36,2003-01-24 04:17:03,2003-03-12 15:05:15,Generous,Horror
98,3.9130434782608696,92,2018-07-24 18:36:49,2018-07-24 18:53:18,Balanced,War
99,3.8679245283018866,53,1996-04-18 11:38:34,1996-04-18 11:46:47,Balanced,Children
100,3.945945945945946,148,2004-11-11 14:35:31,2004-11-12 16:41:31,Balanced,IMAX
101,3.557377049180328,61,2000-09-08 19:18:18,2000-09-08 20:10:04,Balanced,Drama
102,3.357142857142857,56,1996-06-27 11:41:30,1996-08-21 13:44:31,Balanced,Musical
103,3.907161803713528,377,2015-05-18 13:03:49,2018-03-27 17:39:26,Balanced,Film-Noir
104,3.5073260073260073,273,2003-03-25 09:56:19,2014-11-17 16:33:28,Balanced,Film-Noir
105,4.116343490304709,722,2015-11-03 17:25:34,2018-05-13 10:45:32,Generous,(no genres listed)
106,4.4393939393939394,33,2016-07-01 08:04:43,2017-03-14 13:34:32,Generous,Romance
107,3.911764705882353,34,1996-04-12 15:19:00,1996-05-13 16:11:31,Balanced,IMAX
108,3.986842105263158,76,2003-01-17 21:27:57,2003-01-17 22:16:22,Balanced,Western
109,3.220472440944882,127,1996-08-27 00:38:29,1996-09-30 10:25:36,Balanced,War
110,3.7254901960784315,51,2007-03-31 08:23:57,2007-03-31 08:37:13,Balanced,Documentary
111,3.3397832817337463,646,2018-01-16 21:52:51,2018-02-23 19:48:27,Balanced,Documentary
112,3.5923076923076924,65,2015-09-18 00:20:27,2018-02-17 17:24:08,Balanced,Mystery
113,3.6466666666666665,150,2001-01-21 04:27:14,2001-01-24 03:39:20,Balanced,War
114,3.435483870967742,31,2017-01-25 23:37:38,2017-01-26 00:43:31,Balanced,Horror
115,3.767857142857143,112,1999-12-11 22:18:59,2000-12-23 22:35:46,Balanced,Western
116,3.4367816091954024,87,2012-05-16 19:14:09,2012-05-16 20:33:37,Balanced,Western
117,3.3393939393939394,165,1996-10-01 09:39:03,1996-10-01 09:59:52,Balanced,IMAX
118,3.8181818181818183,22,1999-12-11 14:45:51,1999-12-11 15:05:31,Balanced,Western
119,4.176744186046512,215,2015-07-03 16:54:18,2017-09-13 20:05:21,Generous,Musical
120,3.409090909090909,22,1997-04-03 12:19:33,1997-04-03 12:25:06,Balanced,Crime
121,3.293103448275862,58,1996-11-10 19:58:19,1996-11-10 20:06:45,Balanced,Crime
122,4.546232876712328,292,2016-04-25 05:12:13,2016-04-25 05:47:54,Generous,Film-Noir
123,4.035714285714286,56,2015-11-11 19:11:11,2015-11-29 22:28:09,Generous,Western
124,3.99,50,2012-05-07 16:52:31,2012-05-09 17:30:11,Balanced,Drama
125,3.859722222222222,360,2016-09-17 19:44:13,2017-12-20 12:52:00,Balanced,(no genres listed)
126,3.289473684210526,38,1996-10-21 19:19:37,1996-10-21 19:24:14,Balanced,Mystery
127,3.1136363636363638,22,2010-01-15 03:43:31,2010-01-15 03:52:35,Balanced,War
128,4.363636363636363,33,1998-06-28 11:14:21,1998-06-28 11:34:02,Generous,War
129,3.9214285714285713,140,2006-12-29 06:56:35,2006-12-29 07:47:03,Balanced,Film-Noir
130,3.5357142857142856,28,1996-05-20 10:51:56,1996-05-20 10:54:52,Balanced,War
131,3.4420289855072466,69,2012-10-10 03:09:30,2012-10-10 03:46:12,Balanced,IMAX
132,3.0389048991354466,347,2006-09-10 20:23:20,2012-02-23 08:01:52,Balanced,Film-Noir
133,3.0,35,1996-09-23 14:59:40,1996-09-23 15:16:33,Balanced,Mystery
134,3.5714285714285716,35,1996-05-23 08:42:08,1996-05-23 08:56:31,Balanced,War
135,3.630824372759857,279,2001-12-30 05:38:57,2001-12-30 06:49:03,Balanced,Documentary
136,3.315315315315315,111,1996-05-18 19:52:16,1996-05-18 20:32:20,Balanced,Mystery
137,3.978723404255319,141,2008-03-07 03:03:19,2008-03-07 04:26:45,Balanced,Documentary
138,3.522727272727273,22,2008-09-29 08:12:16,2008-09-29 08:22:35,Balanced,IMAX
139,2.1443298969072164,194,2016-01-27 19:46:01,2016-01-27 20:10:02,Critical,Western
140,3.4991776315789473,608,1999-11-17 11:58:34,2007-08-02 18:03:12,Balanced,IMAX
141,3.5386904761904763,168,2017-12-13 01:49:47,2017-12-13 02:44:35,Balanced,Western
142,3.8157894736842106,38,1996-08-01 20:38:39,1996-08-01 21:22:02,Balanced,Horror
143,3.323943661971831,71,2015-10-13 20:35:22,2015-10-15 03:59:48,Balanced,Documentary
144,3.62890625,128,2006-01-09 13:02:43,2006-01-15 11:24:56,Balanced,Musical
145,3.347826086956522,23,1996-05-14 20:19:08,1996-05-14 20:24:39,Balanced,Mystery
146,3.140625,32,2011-08-05 01:28:09,2011-08-05 01:51:25,Balanced,Animation
147,3.375,20,2008-02-17 17:01:32,2008-02-17 17:02:17,Balanced,Adventure
148,3.7395833333333335,48,2016-12-24 03:00:46,2016-12-24 03:28:09,Balanced,War
149,2.7241379310344827,58,1998-08-02 19:05:16,1998-08-02 19:14:32,Balanced,War
150,3.576923076923077,26,1997-01-25 14:37:51,1997-01-25 14:40:30,Balanced,Sci-Fi
151,3.542372881355932,59,1997-02-14 19:06:35,1997-02-14 19:35:20,Balanced,Crime
152,4.023809523809524,63,2015-12-20 00:47:09,2015-12-23 10:51:46,Generous,Horror
153,2.217877094972067,179,2018-05-05 19:21:36,2018-05-05 20:45:19,Critical,Mystery
154,4.382352941176471,34,2017-02-05 12:16:48,2017-02-05 12:21:16,Generous,Romance
155,3.608695652173913,46,2000-06-24 15:31:28,2000-08-10 20:33:34,Balanced,Western
156,3.692211055276382,398,1999-10-13 19:19:56,2005-02-26 21:12:24,Balanced,Film-Noir
157,3.4761904761904763,21,2001-06-14 00:45:16,2001-06-14 00:54:19,Balanced,War
158,3.423076923076923,26,2010-11-26 09:45:47,2010-11-26 09:51:44,Balanced,Sci-Fi
159,3.2731958762886597,97,2017-10-22 02:41:45,2017-10-22 03:01:53,Balanced,IMAX
160,2.708237986270023,437,2000-10-09 17:28:49,2004-02-25 23:00:08,Balanced,Film-Noir
161,3.8333333333333335,39,2007-04-13 21:08:14,2007-08-02 16:48:10,Balanced,Crime
162,4.2368421052631575,38,1996-07-04 14:01:02,1996-07-06 20:19:00,Generous,War
163,3.0,23,1998-05-03 17:45:32,1998-05-03 17:46:10,Balanced,Children
164,4.25,36,2001-09-05 16:39:36,2001-09-05 16:46:30,Generous,Western
165,3.5384615384615383,65,2003-03-04 01:26:53,2003-03-04 01:40:38,Balanced,Musical
166,4.073684210526316,190,2007-09-02 22:53:30,2007-09-26 17:46:36,Generous,Film-Noir
167,3.439306358381503,173,2006-08-04 19:11:19,2007-04-25 15:47:24,Balanced,Film-Noir
168,4.462765957446808,94,2011-05-30 22:08:05,2011-05-31 01:50:46,Generous,Western
169,4.24907063197026,269,2003-07-28 21:16:17,2004-08-13 05:01:25,Generous,Musical
170,3.34,50,1996-08-18 15:07:07,1996-08-19 16:48:57,Balanced,War
171,4.634146341463414,82,1997-06-21 14:42:37,1997-06-21 15:12:05,Generous,Western
172,3.826923076923077,26,2009-04-02 23:45:27,2010-11-29 21:20:52,Balanced,Romance
173,3.48,25,1996-09-22 13:10:56,1996-09-30 12:26:30,Balanced,War
174,3.656716417910448,67,1996-11-20 10:48:24,1996-11-20 10:55:13,Balanced,IMAX
175,3.5416666666666665,24,2009-02-09 14:02:20,2009-02-09 14:29:41,Balanced,Romance
176,4.055555555555555,36,1996-08-15 11:28:47,1996-08-15 11:38:58,Generous,Mystery
177,3.375553097345133,904,2015-06-28 20:31:57,2015-12-10 04:24:05,Balanced,Documentary
178,4.090909090909091,77,2006-11-16 10:39:52,2006-11-24 08:06:12,Generous,War
179,3.782608695652174,69,1996-08-24 17:21:53,1997-01-01 10:49:03,Balanced,War
180,3.5625,24,2010-04-02 19:45:06,2010-04-02 19:51:49,Balanced,Crime
181,2.940677966101695,118,1996-10-16 12:34:39,1996-10-16 13:24:31,Balanced,IMAX
182,3.5112589559877176,977,2003-06-05 02:19:47,2006-10-23 17:19:07,Balanced,Film-Noir
183,3.824561403508772,57,2001-06-12 07:32:24,2001-06-12 07:41:42,Balanced,Romance
184,3.705223880597015,134,2018-09-16 10:37:19,2018-09-16 15:00:51,Balanced,(no genres listed)
185,3.5319148936170213,47,2003-02-03 22:24:31,2003-02-04 05:44:09,Balanced,Mystery
186,4.079646017699115,226,2002-09-03 16:55:07,2002-09-03 21:20:55,Generous,IMAX
187,3.7751937984496124,258,2006-10-26 07:51:48,2007-06-01 21:54:41,Balanced,Film-Noir
188,4.395833333333333,48,2000-07-02 17:36:31,2000-07-02 17:53:43,Generous,Adventure
189,4.1,20,2015-08-13 11:24:14,2015-08-13 11:25:49,Generous,War
190,3.909090909090909,66,2017-09-01 23:52:15,2017-09-02 00:04:35,Balanced,IMAX
191,3.7411764705882353,85,1996-04-17 16:50:09,1996-04-17 17:08:18,Balanced,Documentary
192,4.045454545454546,22,1996-06-18 20:09:11,1996-06-18 20:25:40,Generous,IMAX
193,3.8,35,2015-07-02 17:08:10,2015-07-10 20:08:43,Balanced,Mystery
194,3.475,20,2005-03-08 21:16:31,2005-03-08 21:21:54,Balanced,War
195,3.5294117647058822,187,2000-11-20 07:27:20,2002-04-05 04:01:05,Balanced,IMAX
196,3.9375,32,2016-04-18 04:33:06,2016-04-18 04:43:15,Balanced,Musical
197,3.857142857142857,35,2000-01-09 23:37:00,2000-01-10 00:09:33,Balanced,Sci-Fi
198,3.491304347826087,230,2002-10-09 03:31:37,2002-12-13 16:31:16,Balanced,War
199,3.3953168044077136,363,1999-10-19 22:25:31,2014-05-28 20:29:09,Balanced,Film-Noir
200,3.809880239520958,334,2008-12-21 16:20:15,2008-12-21 20:04:46,Balanced,Film-Noir
201,4.1,110,1999-10-06 15:36:29,1999-10-29 16:03:19,Generous,War
202,3.8188585607940446,403,2000-11-22 16:53:22,2000-11-23 21:45:44,Balanced,Documentary
203,3.8444444444444446,45,2014-01-19 01:19:19,2014-01-19 01:37:22,Balanced,War
204,3.9578313253012047,83,2012-01-21 18:17:52,2012-01-21 22:44:10,Balanced,War
205,3.8703703703703702,27,2018-03-01 10:12:39,2018-04-12 10:21:50,Balanced,Documentary
206,4.04,25,1996-12-16 19:07:47,1996-12-16 19:11:47,Generous,Western
207,2.875,20,2009-11-18 12:37:51,2009-11-18 12:49:21,Balanced,Western
208,3.3076923076923075,26,1999-10-23 00:22:32,1999-10-23 00:45:13,Balanced,War
209,4.242857142857143,35,2018-04-23 22:22:41,2018-04-24 22:08:56,Generous,Crime
210,4.079710144927536,138,2016-09-12 18:37:48,2018-09-22 20:56:15,Generous,War
211,3.904494382022472,89,2012-10-22 13:19:47,2012-10-22 13:42:04,Balanced,Crime
212,3.590725806451613,248,2017-03-21 16:44:57,2018-07-23 16:09:11,Balanced,Film-Noir
213,3.8273809523809526,84,2011-09-16 17:35:49,2011-09-16 18:23:08,Balanced,Musical
214,2.8636363636363638,22,1997-01-22 12:57:34,1997-01-22 13:03:43,Balanced,Animation
215,3.9081632653061225,98,2009-12-15 19:31:04,2009-12-15 20:37:26,Balanced,Documentary
216,3.6646341463414633,164,2000-11-20 15:15:51,2001-02-14 16:59:40,Balanced,Documentary
217,2.761827079934747,613,2000-04-17 01:28:45,2000-04-20 01:50:31,Balanced,Animation
218,3.3653846153846154,26,2005-03-24 00:40:12,2005-03-24 00:45:21,Balanced,Film-Noir
219,3.165719696969697,528,2007-11-10 07:44:24,2009-03-16 21:33:51,Balanced,Film-Noir
220,3.963768115942029,207,2008-12-23 17:49:36,2010-02-19 08:02:51,Balanced,Western
221,4.126888217522659,331,2005-03-18 19:59:00,2005-07-14 18:25:59,Generous,Film-Noir
222,3.166,250,2014-02-02 13:07:26,2014-02-02 21:16:49,Balanced,Western
223,3.2733333333333334,75,2008-11-09 05:38:45,2008-11-09 05:54:39,Balanced,Documentary
224,4.2592592592592595,54,2000-10-17 19:34:46,2000-10-17 20:04:22,Generous,Mystery
225,3.6533333333333333,75,2000-01-29 01:56:53,2000-01-30 19:43:50,Balanced,Fantasy
226,3.4763313609467454,507,2004-09-20 06:37:40,2008-06-09 17:40:21,Balanced,Documentary
227,4.202127659574468,94,2015-11-10 21:04:57,2015-11-11 03:02:28,Generous,Horror
228,3.74,25,2013-03-14 00:56:39,2013-03-14 01:02:48,Balanced,Mystery
229,3.7384615384615385,65,1996-07-09 19:40:46,1996-07-23 18:40:51,Balanced,IMAX
230,2.8597122302158273,139,2007-11-29 02:41:38,2007-11-29 03:00:04,Balanced,IMAX
231,3.8541666666666665,24,2015-05-31 16:24:06,2015-05-31 16:27:31,Balanced,Crime
232,3.2505800464037122,862,2004-02-16 17:11:35,2011-06-05 02:46:05,Balanced,Film-Noir
233,3.3,150,2015-11-29 16:50:06,2018-09-20 19:09:26,Balanced,Horror
234,3.504950495049505,202,2001-10-01 22:36:51,2001-10-30 02:45:00,Balanced,IMAX
235,3.646153846153846,65,1996-08-30 16:25:08,1996-08-30 16:32:20,Balanced,IMAX
236,3.966666666666667,30,1999-11-19 12:18:16,1999-11-19 12:48:21,Balanced,Adventure
237,3.36,50,2014-09-13 17:39:36,2014-09-20 17:26:08,Balanced,IMAX
238,3.6818181818181817,44,2001-12-09 20:48:05,2001-12-09 21:09:28,Balanced,Romance
239,4.026881720430108,279,2008-09-11 15:35:39,2008-09-19 23:23:17,Generous,War
240,3.9140625,128,1996-11-27 19:14:18,1996-11-27 19:36:45,Balanced,Western
241,3.9802631578947367,76,2015-11-14 21:20:08,2015-11-14 22:42:39,Balanced,IMAX
242,3.6,35,1996-06-06 14:57:19,1996-06-06 15:02:15,Balanced,Mystery
243,4.138888888888889,36,1996-07-12 07:03:59,1996-07-12 07:13:37,Generous,Mystery
244,3.774193548387097,93,2000-11-24 13:49:09,2000-11-24 19:18:33,Balanced,Western
245,2.7142857142857144,21,2000-02-22 01:22:46,2000-02-22 01:37:21,Balanced,Fantasy
246,4.252450980392157,204,2012-11-25 17:29:02,2012-12-19 22:38:06,Generous,Film-Noir
247,3.7466666666666666,150,2016-07-04 14:51:01,2016-07-08 00:05:08,Balanced,Horror
248,3.7450980392156863,51,2018-08-18 11:27:18,2018-08-22 15:16:02,Balanced,Mystery
249,3.6964627151051626,1046,2012-09-04 09:47:30,2018-09-18 17:58:20,Balanced,Film-Noir
250,4.222222222222222,27,2005-07-13 01:17:42,2005-07-13 01:26:27,Generous,Romance
251,4.869565217391305,23,2016-08-08 17:17:30,2016-08-08 17:28:20,Generous,Horror
252,4.197368421052632,38,2017-06-24 05:54:53,2017-06-24 06:21:37,Generous,Children
253,4.351063829787234,47,2010-10-09 16:42:32,2010-10-09 20:46:58,Generous,War
254,3.9803149606299213,127,2007-05-29 12:57:51,2007-05-30 22:41:16,Balanced,Film-Noir
255,2.5681818181818183,44,2001-11-14 05:52:21,2001-11-14 06:01:46,Balanced,War
256,3.9454022988505746,174,2015-11-03 19:41:40,2015-11-14 20:21:20,Balanced,Western
257,3.2,20,2006-03-06 06:03:19,2006-03-06 06:14:09,Balanced,Sci-Fi
258,4.2,25,2018-08-21 23:00:18,2018-08-21 23:08:32,Generous,Romance
259,3.1206896551724137,29,2006-05-05 16:08:33,2006-05-05 16:20:58,Balanced,Musical
260,3.7598684210526314,152,2005-02-26 08:56:40,2005-02-26 09:46:00,Balanced,War
261,3.858490566037736,53,2014-07-09 04:40:45,2014-07-09 04:55:50,Balanced,Romance
262,3.1052631578947367,57,1996-08-17 18:12:32,1996-08-17 19:44:35,Balanced,Sci-Fi
263,3.716666666666667,210,1999-10-20 01:30:24,2005-06-29 19:00:04,Balanced,War
264,3.5625,56,2006-01-11 11:16:35,2006-01-11 11:31:52,Balanced,Fantasy
265,3.3496932515337425,163,2000-08-03 14:51:40,2000-08-29 14:26:49,Balanced,IMAX
266,3.5,180,1999-12-11 05:49:25,2000-01-23 00:33:05,Balanced,War
267,4.175438596491228,57,2000-05-31 20:56:52,2001-08-06 22:14:40,Generous,Musical
268,3.2713178294573644,129,1999-10-17 14:59:29,1999-10-18 17:15:31,Balanced,Western
269,3.6206896551724137,29,1996-12-17 23:30:23,1996-12-17 23:36:41,Balanced,Horror
270,3.2,40,1997-01-22 07:38:47,1997-01-22 07:42:23,Balanced,Musical
271,3.186046511627907,43,2009-02-10 21:34:20,2009-02-10 21:52:54,Balanced,Film-Noir
272,3.629032258064516,31,2018-07-22 13:25:40,2018-09-20 20:38:13,Balanced,Crime
273,4.0,55,1996-06-26 14:23:04,1996-08-09 07:18:25,Generous,Mystery
274,3.235884101040119,1346,2007-02-11 05:39:29,2011-10-12 09:07:16,Balanced,Film-Noir
275,4.086848635235732,403,2003-03-31 02:02:30,2003-03-31 02:59:33,Generous,Mystery
276,4.390243902439025,41,1997-03-14 14:39:44,1997-03-14 14:53:34,Generous,War
277,3.5714285714285716,28,1997-04-23 16:26:34,1997-04-23 16:36:10,Balanced,Mystery
278,3.875,20,2007-10-30 14:05:28,2007-10-30 14:10:05,Balanced,Animation
279,3.647727272727273,176,2017-09-26 02:49:21,2017-09-26 03:20:13,Balanced,Horror
280,3.9005102040816326,196,2012-09-14 06:36:50,2012-11-12 00:44:22,Balanced,Documentary
281,3.2142857142857144,21,2007-06-28 03:01:07,2007-06-28 03:17:11,Balanced,War
282,4.033755274261603,237,2013-09-06 17:33:03,2017-12-23 23:00:24,Generous,Animation
283,3.3142857142857145,35,1998-07-23 20:53:22,1998-07-23 21:15:23,Balanced,War
284,3.715909090909091,88,1996-05-21 16:10:48,1996-05-22 17:48:25,Balanced,War
285,3.9583333333333335,36,2015-12-09 01:49:41,2016-12-29 17:16:25,Balanced,Film-Noir
286,3.7877358490566038,106,2005-06-23 21:15:45,2005-06-23 22:02:54,Balanced,Film-Noir
287,2.6217105263157894,152,2005-03-07 20:44:43,2005-03-07 21:40:33,Balanced,Documentary
288,3.1459715639810426,1055,2000-11-20 22:31:37,2010-02-09 16:23:42,Balanced,Film-Noir
289,3.625,24,2006-03-27 01:56:13,2006-03-27 02:03:57,Balanced,War
290,4.142322097378277,267,2000-11-23 00:01:03,2000-11-24 02:19:15,Generous,Western
291,4.258064516129032,31,2016-01-17 17:23:10,2016-05-27 17:22:52,Generous,Romance
292,3.3015695067264574,446,2000-11-10 00:42:50,2017-12-17 21:33:49,Balanced,IMAX
293,2.619047619047619,21,2003-02-10 09:52:10,2003-02-10 09:57:37,Balanced,Romance
294,2.610983981693364,437,2000-08-18 10:29:49,2000-08-18 21:33:25,Balanced,Documentary
295,3.7439024390243905,41,2011-10-31 12:32:37,2011-10-31 12:43:10,Balanced,War
296,4.166666666666667,27,2018-07-30 23:36:56,2018-07-30 23:42:10,Generous,Western
297,2.5972222222222223,72,1998-07-19 18:09:08,1998-07-19 19:25:28,Balanced,Crime
298,2.363684771033014,939,2015-11-14 16:00:16,2016-11-13 19:31:35,Critical,Film-Noir
299,3.652173913043478,23,2000-11-19 07:48:49,2000-11-19 07:54:22,Balanced,Drama
300,4.296875,32,2015-03-03 02:57:20,2015-03-03 03:10:20,Generous,Fantasy
301,3.3201754385964914,114,2008-05-21 13:21:00,2008-05-21 14:23:49,Balanced,Western
302,4.0,32,1997-01-28 17:20:21,1997-01-28 17:43:16,Generous,Drama
303,3.9056603773584904,53,2003-05-19 00:05:56,2003-05-19 00:15:41,Balanced,Children
304,3.8703703703703702,216,1997-10-28 11:47:40,2000-01-06 04:09:28,Balanced,War
305,3.9246676514032495,677,2016-04-08 16:47:59,2018-09-19 11:03:05,Balanced,Western
306,3.3169642857142856,112,2018-02-11 05:29:43,2018-02-11 20:34:13,Balanced,Crime
307,2.6656410256410257,975,2007-08-02 19:36:58,2009-06-12 13:45:11,Balanced,Film-Noir
308,2.4260869565217393,115,2015-01-16 02:01:14,2015-01-16 02:36:14,Critical,Fantasy
309,3.8398058252427183,103,2004-06-06 23:06:48,2007-02-24 16:29:03,Balanced,Musical
310,3.53125,64,2004-03-07 08:23:06,2004-03-07 08:59:38,Balanced,War
311,2.3392857142857144,28,2003-07-10 16:23:50,2003-07-10 16:35:32,Critical,IMAX
312,3.708520179372197,223,2003-01-21 18:58:41,2003-01-21 19:38:26,Balanced,Documentary
313,3.4323529411764704,340,2002-08-27 18:55:03,2002-08-28 18:13:59,Balanced,IMAX
314,3.046875,128,1996-06-08 13:41:26,1996-12-31 16:54:12,Balanced,War
315,3.3636363636363638,33,1999-10-14 16:43:40,1999-10-14 17:32:02,Balanced,Romance
316,3.0,53,2005-03-22 12:05:00,2005-03-22 12:16:08,Balanced,Film-Noir
317,3.7301587301587302,189,2015-04-30 02:36:14,2015-05-03 00:00:55,Balanced,Romance
318,3.755972696245734,879,2009-02-06 20:31:40,2018-09-09 20:04:17,Balanced,(no genres listed)
319,4.428571428571429,35,2016-04-22 18:58:07,2016-04-23 23:30:55,Generous,Crime
320,3.525,20,2010-09-12 00:17:04,2010-09-12 00:34:30,Balanced,Horror
321,3.5714285714285716,56,1996-09-20 09:39:19,1996-09-20 09:46:02,Balanced,War
322,3.411214953271028,107,2008-08-02 11:02:27,2008-08-02 11:49:19,Balanced,Documentary
323,3.173469387755102,98,2015-01-30 17:47:35,2015-01-30 18:02:10,Balanced,Musical
324,3.142857142857143,21,2000-11-22 15:20:29,2000-11-22 15:25:42,Balanced,Musical
325,3.5444444444444443,270,2002-12-09 00:56:21,2002-12-09 02:09:06,Balanced,Film-Noir
326,4.016447368421052,152,2011-11-25 19:48:12,2016-05-22 17:08:13,Generous,Musical
327,4.104166666666667,48,2009-02-16 12:26:42,2009-02-16 13:14:08,Generous,Western
328,3.2254901960784315,255,2017-05-08 01:29:23,2017-05-08 02:57:42,Balanced,Fantasy
329,2.869565217391304,23,2018-04-11 17:36:40,2018-04-11 17:40:13,Balanced,Musical
330,3.6902834008097165,247,2010-10-01 03:20:16,2010-11-04 02:21:53,Balanced,Horror
331,3.6279761904761907,168,2018-09-17 04:11:50,2018-09-18 01:49:54,Balanced,Western
332,3.599250936329588,267,2012-11-11 21:55:21,2012-11-11 22:55:42,Balanced,Documentary
333,2.64,25,2000-08-07 18:03:09,2000-08-07 18:09:35,Balanced,Western
334,3.418831168831169,154,2008-10-31 18:10:20,2012-12-08 16:21:44,Balanced,Animation
335,3.6785714285714284,28,2009-12-23 04:07:32,2009-12-23 04:27:01,Balanced,Mystery
336,4.321428571428571,56,2005-07-05 12:53:07,2006-02-04 10:01:27,Generous,Sci-Fi
337,4.207792207792208,77,1997-04-05 15:55:15,1997-04-05 16:02:39,Generous,Action
338,2.9358974358974357,39,2018-06-28 01:11:45,2018-06-28 01:14:47,Balanced,Crime
339,4.070080862533692,371,2016-04-09 06:07:30,2017-10-11 22:15:59,Generous,Film-Noir
340,4.214285714285714,28,1996-11-22 12:36:52,1996-11-22 12:40:36,Generous,Western
341,3.798076923076923,52,2015-08-16 18:48:34,2018-03-27 18:16:54,Balanced,Mystery
342,2.9393939393939394,66,2003-01-17 16:32:25,2003-01-17 16:51:02,Balanced,Thriller
343,4.059322033898305,59,2008-02-03 17:37:09,2008-02-03 17:57:01,Generous,Western
344,3.7681159420289854,69,2015-01-05 22:00:38,2015-01-05 22:37:49,Balanced,Western
345,3.903225806451613,62,2012-07-20 23:25:17,2012-07-21 00:03:27,Balanced,War
346,3.682926829268293,164,2004-09-08 12:15:36,2007-02-28 20:07:10,Balanced,Animation
347,3.5555555555555554,45,1996-11-10 17:05:37,1996-11-10 17:13:06,Balanced,Animation
348,4.672727272727273,55,2013-09-10 21:51:05,2013-09-10 22:19:36,Generous,Romance
349,3.72972972972973,37,1996-06-14 11:05:11,1996-06-14 11:23:06,Balanced,War
350,3.25,40,1997-05-29 21:22:10,1997-05-29 21:28:21,Balanced,Sci-Fi
351,3.6666666666666665,141,2012-01-07 23:11:04,2012-03-29 16:14:07,Balanced,Film-Noir
352,3.7806122448979593,294,2017-05-01 21:17:44,2017-05-13 21:13:52,Balanced,War
353,3.488888888888889,90,1996-05-12 22:19:28,1996-05-12 22:37:05,Balanced,Documentary
354,3.734513274336283,226,2008-01-20 21:41:31,2008-01-21 22:14:00,Balanced,Film-Noir
355,3.8846153846153846,26,2000-11-23 07:39:59,2000-11-23 07:59:49,Balanced,Mystery
356,4.02076124567474,289,2008-11-30 19:16:21,2009-05-21 04:57:44,Generous,Children
357,3.9569190600522193,383,2012-09-25 21:49:15,2012-09-26 03:07:00,Balanced,Documentary
358,3.2560975609756095,41,2012-06-12 22:12:25,2012-06-13 00:15:48,Balanced,Fantasy
359,3.418918918918919,74,2007-10-16 01:45:03,2007-12-20 01:33:51,Balanced,War
360,3.36,25,1998-01-17 00:38:11,1998-01-17 00:46:16,Balanced,Fantasy
361,3.1804123711340204,97,2008-02-26 15:44:19,2008-02-26 17:52:47,Balanced,IMAX
362,4.243119266055046,109,2018-07-03 16:56:29,2018-07-21 23:15:56,Generous,Western
363,3.3,30,2017-08-13 00:32:36,2017-08-13 00:36:32,Balanced,Mystery
364,4.190476190476191,21,1997-07-21 00:02:46,1997-07-21 00:10:02,Generous,Fantasy
365,2.7509025270758123,277,2017-03-01 01:38:58,2017-04-01 23:10:17,Balanced,Western
366,3.9516129032258065,31,2015-10-22 20:40:14,2015-10-22 20:43:53,Balanced,Fantasy
367,3.8594594594594596,185,2001-08-14 17:41:26,2001-08-14 18:38:01,Balanced,Children
368,2.8422174840085286,469,2000-10-11 14:03:55,2000-12-03 07:59:45,Balanced,Film-Noir
369,3.391472868217054,129,2009-03-12 03:57:57,2009-03-15 02:11:47,Balanced,Horror
370,3.5483870967741935,93,2006-09-25 05:22:16,2006-09-27 00:41:37,Balanced,Horror
371,4.548780487804878,41,2014-08-10 17:26:11,2014-08-10 17:48:19,Generous,Film-Noir
372,3.3559322033898304,236,1997-09-16 12:53:29,1997-09-16 13:40:43,Balanced,War
373,3.19,100,1996-11-01 06:30:40,1996-11-01 06:42:16,Balanced,Musical
374,3.6363636363636362,33,1996-11-27 10:03:55,1996-11-27 10:10:01,Balanced,Mystery
375,3.909090909090909,33,2008-10-28 21:42:25,2008-10-29 21:06:37,Balanced,Horror
376,4.06390977443609,133,2013-04-02 19:55:51,2013-04-03 13:16:23,Generous,Mystery
377,3.9122137404580153,131,2012-06-22 05:10:28,2012-06-22 06:47:38,Balanced,Mystery
378,4.0,48,2015-10-20 12:57:46,2015-10-20 13:32:07,Generous,Musical
379,3.388888888888889,36,1996-11-07 20:06:41,1996-11-07 20:12:36,Balanced,Western
380,3.6732348111658455,1218,2017-04-28 22:49:13,2018-09-15 19:43:15,Balanced,Film-Noir
381,3.542194092827004,474,2006-11-24 15:21:55,2010-07-11 00:41:28,Balanced,War
382,3.508591065292096,291,2018-01-05 10:41:23,2018-01-06 14:51:31,Balanced,Western
383,3.7941176470588234,34,1999-11-25 22:31:04,1999-11-25 23:07:52,Balanced,War
384,3.085714285714286,70,2001-06-26 11:44:59,2001-08-04 12:59:40,Balanced,War
385,3.4029850746268657,201,1996-06-13 18:45:37,1997-06-23 17:30:48,Balanced,War
386,2.75,68,1996-09-13 10:22:40,1996-09-13 11:27:13,Balanced,Western
387,3.2585199610516065,1027,2004-09-10 20:45:50,2009-11-06 19:36:18,Balanced,Film-Noir
388,3.6206896551724137,29,2013-12-10 15:30:54,2013-12-10 16:54:07,Balanced,IMAX
389,4.117647058823529,34,1997-03-09 19:02:54,1997-03-09 19:09:13,Generous,Children
390,3.8395061728395063,81,2009-08-14 18:22:43,2009-08-15 13:20:26,Balanced,Documentary
391,3.715025906735751,386,2002-08-31 20:07:04,2002-11-16 21:31:07,Balanced,Film-Noir
392,3.2,25,2002-07-24 15:21:01,2002-07-24 15:25:46,Balanced,Fantasy
393,3.841463414634146,123,2015-05-01 18:43:31,2015-05-01 19:15:52,Balanced,Musical
394,2.9565217391304346,23,1996-08-02 13:55:23,1996-08-02 14:03:46,Balanced,Mystery
395,3.0491803278688523,61,1996-08-31 14:56:32,1996-08-31 15:32:26,Balanced,Mystery
396,3.142857142857143,28,2005-03-24 18:20:55,2005-03-24 18:23:52,Balanced,Animation
397,3.9565217391304346,23,2007-06-16 04:00:34,2007-06-16 04:17:17,Balanced,Romance
398,4.25,46,2011-07-21 00:13:28,2011-07-24 18:15:12,Generous,Musical
399,3.9444444444444446,36,2006-12-27 11:51:16,2006-12-27 12:24:10,Balanced,Horror
400,4.511627906976744,43,2017-07-01 00:49:08,2017-07-01 00:55:17,Generous,Crime
401,3.5277777777777777,72,2017-11-12 01:09:51,2018-01-14 03:55:54,Balanced,Horror
402,3.8541666666666665,48,1996-12-03 07:27:55,1997-01-06 12:03:08,Balanced,Horror
403,3.764705882352941,34,2008-10-29 01:22:22,2008-10-29 01:28:10,Balanced,Western
404,3.4,60,1996-07-26 10:08:14,1996-07-26 10:19:03,Balanced,War
405,4.008333333333334,120,2011-01-24 21:49:27,2011-05-04 22:40:52,Generous,IMAX
406,3.25,20,2011-02-06 02:26:18,2011-02-06 02:30:18,Balanced,IMAX
407,4.113636363636363,22,2015-02-19 12:32:44,2015-02-19 12:40:36,Generous,Mystery
408,4.092198581560283,141,2016-07-01 08:21:12,2017-03-17 23:33:20,Generous,Animation
409,3.8412698412698414,126,2000-09-02 16:40:21,2000-10-14 17:58:55,Balanced,Western
410,4.059880239520958,167,2001-05-24 18:11:58,2001-05-26 21:00:30,Generous,Musical
411,3.2598425196850394,127,1996-06-23 12:12:31,1996-06-23 12:40:37,Balanced,Documentary
412,3.892156862745098,102,1999-10-05 08:53:09,1999-10-10 13:44:16,Balanced,Western
413,4.410714285714286,56,2017-01-15 00:18:03,2017-01-15 00:32:04,Generous,Mystery
414,3.391957005189029,2698,2000-06-19 17:36:56,2018-06-02 22:21:12,Balanced,(no genres listed)
415,4.085106382978723,94,2013-10-22 19:20:09,2013-10-22 19:38:12,Generous,Documentary
416,3.0686274509803924,51,2007-08-19 03:47:44,2007-08-19 04:42:08,Balanced,Documentary
417,4.462686567164179,67,2018-06-18 00:58:21,2018-09-14 03:09:56,Generous,Fantasy
418,3.639784946236559,93,2016-04-28 17:46:03,2016-06-13 15:53:54,Balanced,Musical
419,3.803225806451613,155,2011-10-11 12:55:57,2013-07-04 22:03:34,Balanced,IMAX
420,3.8226950354609928,141,2008-08-06 15:24:40,2008-12-20 19:52:24,Balanced,Musical
421,4.108108108108108,37,2011-07-24 07:54:37,2011-07-24 10:00:22,Generous,Horror
422,3.3225806451612905,93,2001-04-02 00:40:13,2002-01-06 01:16:57,Balanced,Film-Noir
423,3.717391304347826,23,2006-08-11 08:37:08,2006-08-11 08:44:29,Balanced,IMAX
424,3.6739130434782608,138,2016-03-13 04:10:55,2016-10-21 00:33:39,Balanced,Animation
425,3.5326797385620914,306,2004-05-25 09:15:42,2010-08-09 01:40:32,Balanced,War
426,3.6818181818181817,88,2015-12-25 21:51:08,2015-12-27 03:41:35,Balanced,War
427,3.1011904761904763,84,2003-05-16 07:06:34,2003-05-16 07:54:56,Balanced,Western
428,2.64,300,2005-03-22 10:30:32,2005-03-24 00:43:19,Balanced,Documentary
429,3.9827586206896552,58,1996-03-29 18:36:55,1996-03-29 18:39:22,Balanced,IMAX
430,3.7413793103448274,58,2000-07-07 02:14:11,2009-03-09 13:16:03,Balanced,Mystery
431,2.725,20,2010-02-24 22:49:19,2010-02-24 22:50:45,Balanced,Crime
432,3.646153846153846,260,2011-09-05 17:03:11,2012-04-23 00:36:03,Balanced,Musical
433,3.772727272727273,22,2017-10-01 02:10:18,2017-10-01 02:14:32,Balanced,Romance
434,3.781115879828326,233,2010-04-07 01:04:36,2010-04-18 07:40:37,Balanced,Mystery
435,4.321428571428571,42,2013-04-23 00:10:12,2013-04-23 00:49:57,Generous,Crime
436,3.1792452830188678,106,1996-05-31 07:56:49,1996-05-31 08:40:43,Balanced,Animation
437,3.80327868852459,122,1997-03-30 11:22:57,1997-03-30 11:44:10,Balanced,Western
438,3.3551181102362206,635,2005-01-13 20:51:27,2007-04-08 02:14:06,Balanced,Film-Noir
439,4.119047619047619,21,2015-07-15 07:02:24,2015-07-15 07:07:47,Generous,Crime
440,3.893939393939394,33,2009-03-20 17:05:07,2009-03-20 17:13:40,Balanced,Film-Noir
441,4.522222222222222,45,2015-12-02 15:34:11,2015-12-26 22:08:37,Generous,Animation
442,1.275,20,2012-03-12 13:54:20,2012-03-12 13:56:26,Critical,Children
443,4.121621621621622,37,2015-01-02 22:04:33,2017-08-03 01:11:35,Generous,War
444,3.8095238095238093,42,1996-05-21 08:44:02,1996-08-06 06:11:53,Balanced,Horror
445,3.857142857142857,77,2016-02-04 21:34:36,2016-02-04 21:43:50,Balanced,Mystery
446,3.2142857142857144,84,1996-09-27 15:45:21,1996-09-27 15:53:13,Balanced,Mystery
447,3.871794871794872,78,1996-07-10 01:03:07,1996-07-10 01:38:00,Balanced,Western
448,2.8473712446351933,1864,2002-04-18 09:57:46,2017-07-09 17:18:29,Balanced,Documentary
449,3.289473684210526,38,2003-05-17 19:15:22,2003-05-17 19:37:12,Balanced,Documentary
450,4.0,51,2000-11-20 07:14:58,2000-11-20 07:40:08,Generous,War
451,3.7941176470588234,34,1997-01-24 06:59:23,1997-01-26 13:25:51,Balanced,Horror
452,4.556930693069307,202,2002-02-11 02:27:17,2003-08-19 21:12:01,Generous,War
453,3.942122186495177,311,2000-10-27 04:29:35,2002-12-23 05:29:44,Balanced,Animation
454,3.7666666666666666,45,2010-07-18 18:07:37,2010-09-18 09:25:56,Balanced,Romance
455,3.456140350877193,57,1996-07-03 23:16:48,1996-07-03 23:28:19,Balanced,War
456,3.813953488372093,43,1997-02-25 15:08:28,1997-02-25 15:15:50,Balanced,Horror
457,3.46,50,2001-06-27 02:52:37,2001-06-27 03:04:24,Balanced,War
458,4.1525423728813555,59,1996-10-18 15:13:22,1996-10-18 15:38:44,Generous,IMAX
459,4.346153846153846,26,2018-03-05 06:55:46,2018-03-05 07:13:59,Generous,Western
460,4.201219512195122,82,2013-01-26 04:54:23,2013-01-26 05:34:52,Generous,War
461,2.9444444444444446,27,2017-09-20 19:20:13,2017-09-20 19:24:33,Balanced,Western
462,3.4065934065934065,455,2005-07-21 04:43:53,2018-09-09 04:30:07,Balanced,Documentary
463,3.787878787878788,33,2006-04-19 15:09:21,2006-04-19 15:28:34,Balanced,Fantasy
464,3.753623188405797,138,2010-06-03 06:42:48,2012-01-03 12:46:27,Balanced,Film-Noir
465,4.156521739130435,115,2000-06-01 21:37:26,2000-06-01 21:57:18,Generous,War
466,3.9292035398230087,113,2015-08-18 08:04:01,2015-08-18 16:40:37,Balanced,Horror
467,3.409090909090909,22,1999-02-22 08:00:53,1999-02-22 08:33:32,Balanced,War
468,3.393939393939394,33,1996-05-06 16:33:25,1996-05-06 16:35:45,Balanced,IMAX
469,3.6731182795698927,465,2000-08-03 20:10:19,2000-08-09 18:41:46,Balanced,Film-Noir
470,3.5125,80,1996-11-27 06:05:36,1996-12-06 03:35:18,Balanced,War
471,3.875,28,2017-06-05 13:22:04,2017-06-05 14:12:34,Balanced,Fantasy
472,4.120689655172414,29,2012-08-24 21:13:49,2012-08-24 21:23:38,Generous,IMAX
473,3.418918918918919,37,2007-01-21 03:45:47,2007-01-21 04:10:25,Balanced,Crime
474,3.398956356736243,2108,2000-11-19 20:38:50,2009-03-29 18:16:46,Balanced,IMAX
475,4.409677419354839,155,2017-06-21 07:15:34,2017-06-21 07:58:31,Generous,Western
476,3.681159420289855,69,1996-06-17 14:21:12,1996-06-17 14:42:03,Balanced,Musical
477,3.736666666666667,600,2008-01-21 18:12:42,2011-03-19 21:06:49,Balanced,War
478,2.8181818181818183,22,2005-07-15 22:41:14,2005-07-15 22:46:03,Balanced,IMAX
479,3.320441988950276,181,2002-12-08 15:16:30,2002-12-09 00:09:55,Balanced,Musical
480,3.27511961722488,836,2007-05-14 16:19:18,2007-06-21 17:52:33,Balanced,War
481,2.806451612903226,31,1998-01-14 10:22:49,1998-05-22 13:47:18,Balanced,Film-Noir
482,3.40625,128,2005-01-10 22:25:50,2005-01-10 22:50:53,Balanced,IMAX
483,3.618818681318681,728,2007-05-03 16:23:35,2014-11-16 10:21:07,Balanced,Film-Noir
484,3.8145454545454545,275,2012-07-14 01:01:20,2012-07-26 03:34:41,Balanced,Musical
485,3.869565217391304,23,1996-07-21 10:00:15,1996-07-21 10:03:04,Balanced,Western
486,4.017857142857143,56,1996-08-08 20:42:00,1996-08-08 20:49:32,Generous,War
487,3.142857142857143,56,2015-04-09 10:08:58,2015-04-18 09:00:56,Balanced,War
488,3.8828828828828827,111,2005-04-01 18:56:46,2005-04-01 19:13:48,Balanced,IMAX
489,3.017746913580247,648,2012-03-25 19:42:22,2013-11-30 15:09:28,Balanced,Documentary
490,3.15929203539823,113,2011-12-20 08:38:25,2012-04-20 16:48:57,Balanced,War
491,4.15625,64,2018-04-01 17:52:26,2018-07-12 21:39:59,Generous,Thriller
492,3.8677685950413223,121,1997-05-18 17:19:05,1997-05-18 17:45:46,Balanced,War
493,3.6885245901639343,61,2001-09-27 03:45:38,2001-09-27 03:55:30,Balanced,Romance
494,4.2272727272727275,22,2001-09-13 12:27:23,2001-09-28 08:44:01,Generous,Horror
495,4.009433962264151,265,2016-03-22 08:15:56,2016-03-22 08:58:59,Generous,Western
496,3.413793103448276,29,2014-11-05 05:30:12,2014-11-09 08:17:27,Balanced,Thriller
497,3.5686274509803924,51,2015-04-15 19:45:39,2015-05-23 21:52:06,Balanced,Horror
498,4.057142857142857,35,1996-08-04 22:16:03,1996-08-04 22:24:04,Generous,Musical
499,3.8333333333333335,27,2010-11-17 02:10:50,2010-11-17 02:22:30,Balanced,Documentary
500,3.244186046511628,86,2001-11-12 01:08:29,2001-11-12 01:25:55,Balanced,Mystery
501,3.2,45,1996-10-10 18:49:00,1996-10-10 19:07:05,Balanced,Sci-Fi
502,3.4285714285714284,35,2005-03-25 13:27:07,2005-03-25 13:41:16,Balanced,Western
503,3.3421052631578947,95,2012-04-23 20:52:22,2012-04-24 02:01:05,Balanced,Crime
504,3.82183908045977,87,2003-09-15 16:46:39,2004-02-27 19:14:53,Balanced,War
505,4.17741935483871,31,2011-02-27 04:03:58,2011-02-27 04:17:46,Generous,Musical
506,3.261904761904762,42,2015-02-21 02:48:05,2015-02-21 03:02:27,Balanced,IMAX
507,3.380952380952381,21,1996-08-02 05:42:29,1996-08-02 05:46:05,Balanced,Children
508,2.1458333333333335,24,2010-03-11 08:50:55,2010-03-11 09:07:40,Critical,War
509,3.21627408993576,467,2015-07-04 06:44:36,2015-10-07 22:06:56,Balanced,Documentary
510,2.9027777777777777,108,2006-02-28 20:31:42,2006-02-28 21:03:33,Balanced,Film-Noir
511,4.125,52,2015-12-14 11:53:02,2018-03-27 13:07:32,Generous,Crime
512,3.78,50,1996-08-30 23:53:21,1996-08-31 00:00:36,Balanced,Horror
513,3.890625,32,2006-10-04 16:45:39,2006-10-04 16:52:34,Balanced,Crime
514,3.3110831234256928,397,2018-08-10 03:23:24,2018-09-24 14:27:30,Balanced,Film-Noir
515,4.846153846153846,26,2017-12-18 12:59:17,2017-12-19 10:11:53,Generous,Romance
516,3.6923076923076925,26,2001-07-08 20:39:30,2001-07-08 20:48:19,Balanced,Children
517,2.38625,400,2017-02-24 16:14:43,2017-04-16 10:45:29,Critical,Musical
518,3.5416666666666665,24,2003-06-29 17:24:08,2003-06-29 17:29:14,Balanced,Horror
519,4.326923076923077,26,2018-02-11 20:07:06,2018-04-01 03:22:23,Generous,War
520,3.881720430107527,186,2012-01-15 06:10:56,2012-01-16 04:31:47,Balanced,Film-Noir
521,3.6,40,1997-01-08 08:44:42,1997-01-08 08:51:33,Balanced,Musical
522,3.83,200,2009-09-19 06:46:10,2015-12-10 07:13:39,Balanced,Western
523,4.693333333333333,75,2017-08-19 06:56:46,2017-10-14 13:33:08,Generous,Mystery
524,3.4580152671755724,131,1996-12-26 13:54:26,1997-01-04 19:08:33,Balanced,IMAX
525,3.542,500,2016-10-14 20:09:57,2016-10-14 22:03:11,Balanced,Mystery
526,4.189655172413793,58,2017-08-07 18:50:48,2017-08-07 20:48:11,Generous,War
527,4.119760479041916,167,2002-09-28 00:34:20,2002-09-28 01:26:45,Generous,Action
528,3.4726027397260273,73,2014-02-07 00:52:39,2014-02-07 01:35:16,Balanced,Documentary
529,3.2,25,1997-02-10 14:00:15,1997-02-10 14:05:19,Balanced,Sci-Fi
530,3.7777777777777777,27,1996-09-20 13:37:47,1996-09-20 13:46:25,Balanced,Western
531,3.772727272727273,22,2002-09-25 13:45:10,2002-09-25 13:51:54,Balanced,Crime
532,4.28,50,2002-07-01 11:32:28,2002-07-02 00:42:55,Generous,War
533,4.381578947368421,38,2015-02-24 04:51:46,2015-02-24 05:02:55,Generous,Fantasy
534,3.8048076923076923,520,2016-04-04 16:39:55,2017-02-16 20:45:00,Balanced,Film-Noir
535,2.6666666666666665,30,1999-10-04 09:13:03,1999-10-04 09:39:46,Balanced,Animation
536,3.4,40,1996-05-23 08:23:03,1996-05-23 08:38:46,Balanced,War
537,4.0638297872340425,47,2015-02-17 01:53:17,2016-04-01 09:52:18,Generous,Horror
538,4.472972972972973,37,2011-06-12 02:24:16,2011-06-12 02:56:53,Generous,Sci-Fi
539,3.8026315789473686,38,2012-03-23 03:47:05,2012-03-23 04:01:41,Balanced,Fantasy
540,4.0,42,2007-05-14 01:56:45,2007-05-28 05:34:17,Generous,War
541,3.3908045977011496,87,1996-06-24 19:01:57,1996-06-24 19:42:53,Balanced,War
542,3.5088495575221237,113,2006-11-13 02:54:25,2006-11-13 03:35:03,Balanced,War
543,4.453947368421052,76,2008-12-30 01:54:22,2014-08-23 15:58:06,Generous,Thriller
544,4.363636363636363,22,1996-12-15 22:22:17,1996-12-15 22:26:16,Generous,Horror
545,3.369565217391304,23,2009-04-21 23:59:01,2009-04-22 00:31:46,Balanced,Crime
546,3.4375,64,2000-11-07 09:10:58,2000-11-07 09:19:31,Balanced,Fantasy
547,4.142857142857143,21,1999-11-16 03:27:30,1999-11-16 03:39:09,Generous,Fantasy
548,4.096153846153846,26,2017-02-28 00:53:10,2017-05-15 20:31:43,Generous,IMAX
549,3.6666666666666665,21,2016-05-26 17:09:40,2016-05-26 17:12:26,Balanced,Mystery
550,4.107142857142857,28,2017-03-04 12:18:41,2017-03-05 15:43:20,Generous,Mystery
551,3.7154471544715446,123,2017-09-02 01:39:29,2017-09-23 01:10:24,Balanced,Children
552,3.11968085106383,188,2005-03-22 06:28:32,2005-03-30 02:58:35,Balanced,IMAX
553,4.337349397590361,83,2008-08-24 05:20:08,2009-01-01 02:01:58,Generous,Documentary
554,4.0,89,1999-12-11 07:50:46,1999-12-11 09:16:09,Generous,Sci-Fi
555,3.4550173010380623,578,2001-01-06 01:21:35,2001-01-22 01:16:54,Balanced,IMAX
556,4.078125,32,2018-08-15 08:15:35,2018-08-15 08:21:27,Generous,Animation
557,3.8518518518518516,27,2016-01-14 18:47:48,2016-01-22 13:05:42,Balanced,Mystery
558,3.9285714285714284,56,2002-10-23 23:21:43,2002-10-23 23:40:09,Balanced,Musical
559,3.2857142857142856,140,1996-10-16 14:23:09,1997-07-07 12:07:18,Balanced,Animation
560,3.567685589519651,458,2016-07-27 19:20:39,2016-11-01 22:56:52,Balanced,Film-Noir
561,3.372277227722772,505,2017-04-01 23:51:30,2017-04-02 01:16:51,Balanced,Film-Noir
562,4.093073593073593,231,2013-05-18 15:25:21,2013-05-18 17:22:09,Generous,Animation
563,3.300469483568075,213,2015-08-18 21:12:08,2015-12-21 19:54:42,Balanced,Musical
564,3.5796178343949046,157,2016-11-06 16:57:37,2016-12-15 16:05:55,Balanced,Western
565,3.6551724137931036,29,1996-10-28 20:06:49,1996-10-28 20:11:25,Balanced,Western
566,3.5405405405405403,74,1996-11-26 10:44:43,1996-11-26 11:47:18,Balanced,Horror
567,2.2454545454545456,385,2018-05-02 17:26:52,2018-05-03 19:09:13,Critical,Film-Noir
568,4.130434782608695,23,2009-05-29 05:43:08,2009-09-24 04:41:29,Generous,Mystery
569,4.0,20,1996-11-28 14:16:27,1996-11-28 14:18:59,Generous,Sci-Fi
570,3.4162303664921465,191,2007-06-10 11:43:53,2007-06-11 10:00:14,Balanced,IMAX
571,2.5714285714285716,112,2000-08-21 23:20:03,2000-08-21 23:44:32,Balanced,Crime
572,4.122580645161291,155,1999-12-22 18:19:31,2001-01-19 17:07:45,Generous,Western
573,4.212374581939799,299,2007-08-08 15:57:57,2014-11-11 03:20:12,Generous,Animation
574,3.9565217391304346,23,1996-06-13 02:53:03,1996-06-13 02:55:27,Balanced,Horror
575,3.1666666666666665,36,1999-05-12 11:57:41,1999-05-12 12:05:24,Balanced,Sci-Fi
576,3.1,20,2013-01-14 08:18:00,2013-01-14 08:19:02,Balanced,Crime
577,3.5652173913043477,161,1999-12-23 16:02:26,1999-12-23 19:51:16,Balanced,War
578,3.962962962962963,27,2011-03-24 17:58:05,2011-03-24 20:00:17,Balanced,Crime
579,3.9726027397260273,73,2000-05-21 03:21:36,2000-12-21 02:33:25,Balanced,IMAX
580,3.529816513761468,436,2007-01-01 17:43:26,2008-06-01 17:57:15,Balanced,IMAX
581,4.375,40,2015-11-08 18:24:33,2015-11-08 18:31:20,Generous,War
582,4.026785714285714,56,2015-11-06 06:50:09,2016-05-17 08:37:57,Generous,Western
583,3.294642857142857,56,2016-12-11 16:35:36,2016-12-11 16:42:58,Balanced,IMAX
584,4.108433734939759,83,1996-06-17 04:50:19,1996-06-17 05:12:20,Generous,Western
585,4.336065573770492,61,2011-06-07 03:11:06,2011-06-09 01:11:17,Generous,Children
586,4.365384615384615,208,2018-06-25 03:58:47,2018-06-25 05:14:13,Generous,(no genres listed)
587,3.9757575757575756,165,2000-03-15 16:15:39,2000-03-15 17:44:55,Balanced,Western
588,3.25,56,1996-08-06 07:20:49,1996-08-06 07:46:08,Balanced,War
589,4.025,40,1997-02-15 20:33:35,1997-02-15 22:35:12,Generous,Western
590,3.355769230769231,728,2009-11-16 23:45:15,2011-02-16 04:28:18,Balanced,War
591,3.2777777777777777,54,2000-10-02 22:06:40,2000-10-21 00:01:37,Balanced,Western
592,3.5851063829787235,94,1996-07-14 13:10:24,1996-07-14 14:27:13,Balanced,IMAX
593,3.266990291262136,103,2007-06-05 01:31:04,2007-06-05 01:59:27,Balanced,Horror
594,3.9245689655172415,232,2005-02-19 07:36:05,2006-01-30 02:21:50,Balanced,IMAX
595,4.2,20,1999-10-01 19:42:09,1999-10-02 13:04:40,Generous,Fantasy
596,3.495133819951338,411,2018-08-30 11:05:33,2018-09-01 21:08:22,Balanced,Documentary
597,3.9774266365688487,443,1999-10-19 19:17:54,1999-11-05 15:09:24,Balanced,Documentary
598,3.8095238095238093,21,2015-05-03 01:32:12,2015-05-03 01:36:50,Balanced,Sci-Fi
599,2.6420500403551253,2478,2017-06-26 05:47:15,2018-02-25 11:27:26,Balanced,Film-Noir
600,2.991480996068152,763,2009-03-22 07:42:46,2009-03-24 01:50:23,Balanced,Documentary
601,4.425742574257426,101,2015-09-07 15:19:29,2018-03-19 13:57:43,Generous,(no genres listed)
602,3.3925925925925924,135,1996-08-24 08:31:47,1996-08-24 08:52:59,Balanced,War
603,3.5079533404029695,943,2000-03-24 19:05:11,2001-10-06 21:29:11,Balanced,Film-Noir
604,3.48,100,1996-05-14 13:16:07,1996-05-14 13:38:50,Balanced,Mystery
605,3.2104072398190047,221,2010-06-21 04:32:44,2010-06-22 03:23:32,Balanced,IMAX
606,3.6573991031390136,1115,2007-02-11 21:20:46,2013-05-13 15:56:17,Balanced,Film-Noir
607,3.786096256684492,187,2000-07-08 17:46:32,2001-08-15 03:49:47,Balanced,IMAX
608,3.1341756919374246,831,2005-05-27 02:42:10,2007-09-12 02:25:17,Balanced,IMAX
609,3.27027027027027,37,1996-11-05 19:06:42,1996-11-05 19:11:20,Balanced,Western
610,3.6885560675883258,1302,2016-11-19 07:52:43,2017-05-28 08:16:51,Balanced,Film-Noir
